region,gr,84.004,84.010,84.011,84.013,84.041,84.060,84.141,84.144,84.149,84.165,84.184,84.196,84.215,84.282,84.287,84.295,84.299,84.330,84.336,84.350,84.351,84.354,84.356,84.358,84.360,84.362,84.363,84.365,84.366,84.367,84.368,84.369,84.371,84.374,84.377,year
alabama,0.895377759698236,0,224126156,2054392,685081,2473883,1491556,0,60000,0,0,401965,987126,1380272,0,17325633,0,0,40034,0,-9972,0,0,0,4233580,1581244,0,0,5263594,2563301,36437023,0,5870435,0,2,9393677,2014
alaska,0.758752378938465,0,39134126,6948607,275300,129140867,12461648,0,0,0,0,249050,168641,1448411,-341,5638763,0,1659508,26843,0,0,0,0,29928681,257488,0,0,0,2871908,744842,10868734,0,3511491,0,0,1523086,2014
arizona,0.777659283717939,0,323846724,6556675,1551651,148428596,8153129,475000,60000,424872,0,1983239,1422929,4356473,0,25073282,0,2014617,704137,2656444,607557,42389,0,0,2549465,0,0,0,17246837,1635511,35679203,0,7339037,0,12600616,10841973,2014
arkansas,0.84847301037095,0,154318521,5258823,439326,815885,235303,0,60000,0,3515699,0,701739,1406340,3503992,11471042,0,0,0,0,464903,0,0,0,3745277,0,0,0,3991776,1638892,21819605,0,4991978,0,0,5027226,2014
california,0.89503384957694,722555,1631052887,129664795,1257682,71569491,3924772,3642522,0,3351410,19089164,10283041,7623234,44937529,95540965,125101330,0,1284060,10736965,18398739,3169600,2748353,0,0,4549957,3543548,0,4109086,156038132,18410701,279044685,0,28691451,0,33182645,57159420,2014
colorado,0.776627531815738,667547,147448317,7019494,461382,31108619,613469,474725,49802,1264307,3092267,645021,686387,590758,6539877,11338961,0,-128925,447198,1525840,0,0,0,0,1558109,2119360,0,0,11681859,1823481,25524478,0,6478769,0,7828868,5036020,2014
connecticut,0.904298828466515,0,113672445,0,1229251,4707801,31570,0,0,0,11830105,6583681,516605,4357530,1922291,9124816,0,0,293444,0,319372,0,0,0,259056,2434802,0,0,7289756,968458,21595023,0,5282877,0,12988201,3888709,2014
delaware,0.859767056631121,0,43101669,285586,431777,42599,0,0,120000,0,0,458660,189769,350358,539000,5313574,0,0,97841,374346,284753,0,0,0,17718,0,0,0,1442208,684007,10453588,0,3418890,0,0,1458410,2014
district of columbia,0.685198376916141,0,43076187,0,-72020,545210,0,0,0,0,0,321675,168499,9043980,5839006,5638763,12973863,0,140026,0,-353,6584952,0,0,0,0,1872558,0,1412764,693044,10361514,0,3270575,0,17877914,924315,2014
florida,0.782948697992508,687632,741093756,22670581,1498428,6916100,101752,867795,56231,417664,15641835,5179342,3538297,2886183,18820140,59817277,0,0,-182528,0,897535,1157875,0,0,1915474,2284272,0,723423,43667337,7424860,103235517,0,14361002,0,59180404,28162037,2014
georgia,0.805756515690847,0,503353196,7869817,1601063,20661851,0,455937,0,0,0,-485338,2264988,1354986,0,38435764,0,0,-104861,2282783,433842,464482,0,0,6076689,1652801,0,759340,15922463,5563291,59939921,0,10017685,22368496,0,16515175,2014
hawaii,0.814904934003771,0,50437452,800648,363324,41694154,0,0,120000,0,0,608901,242517,-9999,198457,5638763,0,0,104030,-17,0,0,0,0,0,0,30177619,0,3848286,744842,10843063,0,3834230,0,0,1787579,2014
idaho,0.788838006811926,0,57013757,3559378,425639,4893182,271851,943128,60000,849709,0,0,262279,843870,392749,5140151,0,297124,75552,0,0,0,0,0,1668898,0,0,0,1908664,744842,10856090,-166846,4211078,0,0,2020926,2014
illinois,0.855667234414665,-32072,656470897,1901678,1212606,17673578,229187,0,58718,0,0,1866219,2924369,4145578,4312968,52144158,6611140,0,2224219,4707398,302501,2043568,0,0,3210218,5276615,0,2447111,29892306,5226170,93418089,0,11497363,0,-613496,24082038,2014
indiana,0.870194447010385,684735,259550985,-594720,530568,1654561,0,0,0,0,0,850604,1000514,2598879,7014434,20050781,0,0,474939,-134023,0,0,0,0,1899460,0,0,0,8847610,2673251,38852191,0,7489944,0,8894644,8631254,2014
iowa,0.905746972537118,0,86623321,1408986,339161,228329,58365,0,0,0,0,1721498,365075,1006348,0,6152809,0,0,59823,0,0,0,0,0,1329303,1575239,0,0,4452173,625877,17917636,0,5039590,0,0,3008798,2014
kansas,0.866695718519823,651225,102287471,11495481,359699,34194549,894295,930194,60000,839979,3999993,-7129,467752,1253412,0,7784484,0,0,82176,0,0,432083,0,0,3275540,0,0,0,4972925,1075278,18160532,0,5017934,0,0,3679959,2014
kentucky,0.892754873661312,0,220003581,7367250,989687,1112048,0,938581,60000,0,0,2838579,989053,11406451,0,17075073,0,0,464887,0,-156128,0,0,0,5617786,0,0,1e+06,3985384,2167925,36004101,0,5848110,-186248,0,7480624,2014
maine,0.869760640344801,0,50301130,1061215,122018,1441374,137435,285829,0,0,0,0,162848,1016868,414788,5638763,0,0,83961,0,0,360946,0,0,2217064,0,0,0,1072178,743556,10868733,0,3756262,-218,5676403,1707898,2014
maryland,0.872170256249017,626313,187529171,503469,1447837,5670113,80184,0,0,0,0,0,899065,373466,125360,15564175,0,0,635077,0,0,0,0,0,213020,0,0,0,10202161,1516049,33308432,0,6765904,0,377784,6635534,2014
massachusetts,0.88185738116265,0,213983971,1603479,2382234,498160,61034,0,60000,0,3850000,1487476,961809,6226940,3534341,16862043,0,320465,672919,828368,0,999526,3930392,0,410242,3383342,0,1004233,15847707,1759808,41180598,0,6962762,0,175694,7245728,2014
michigan,0.850969326794472,0,531291425,8525624,798702,7368351,1476545,474000,60000,841386,3407436,2645476,2234452,2121092,8836191,39097018,0,256562,639367,0,0,1036231,0,0,4143922,1,0,1629489,11578728,4615712,91593541,0,9444433,-514,5599431,18796716,2014
minnesota,0.825179350905944,0,150553610,1520441,420295,18562893,2978955,0,24240,0,0,356914,647502,7832225,6424200,11661389,0,838504,0,0,220330,276475,0,0,2414995,0,0,609622,8323350,1461299,31188408,0,6588787,0,0,6924060,2014
mississippi,0.815278120374938,0,179471480,1030230,911240,1182348,467928,0,53986,0,1572156,-2962,522332,7324348,0,13037093,0,0,54287,0,852875,0,8e+06,0,4868451,0,0,416508,1455333,1691481,32628392,0,5074756,0,1,4950650,2014
missouri,0.897909610647166,0,232503810,1510887,1547116,24701381,64203,432037,60000,424201,0,1163647,1046820,831909,-227783,17669591,0,0,188048,0,0,0,0,0,7564275,1215616,0,444898,6043358,2518642,39558400,0,6933662,0,2,7549570,2014
montana,0.852212527120083,0,44508592,1002297,110865,41432831,2696945,0,120000,0,0,1e+06,195907,520993,0,5638763,0,2176609,4604,0,0,0,0,985120,2535552,0,0,0,1235060,744842,10794347,0,3626971,4977226,0,2986686,2014
nebraska,0.874906507958225,0,68605238,5071134,377072,11563749,867306,0,37751,0,0,1327431,313327,1774039,0,5638763,0,972618,5331,0,0,0,0,0,3274598,827427,0,0,3183555,744842,11145666,0,4287736,0,0,2459357,2014
nevada,0.759357113297043,0,107727236,124655,400995,2767158,658553,0,85034,0,0,2657341,526193,-107114,-292739,8799115,0,0,435616,0,0,235955,0,0,239257,3448348,0,0,7552940,1247015,11439253,0,4862741,12430601,5269132,3734565,2014
new hampshire,0.88318954425408,0,41308687,145591,523599,1995,0,0,120000,0,0,450211,189363,395469,2445077,5638763,0,0,30399,0,0,0,0,0,1471867,0,0,0,1453108,744842,10861325,0,3791709,0,0,1374971,2014
new jersey,0.89959385332487,0,295953258,1953483,1652495,14298657,0,0,60000,0,0,1532350,1363440,1255841,3948781,22273861,0,0,585366,1421478,-141118,0,0,0,1430958,0,0,1678329,21640610,2562663,52297549,0,8737151,0,10088343,11008129,2014
new mexico,0.691415105619769,0,115253054,917065,337939,79652930,6478021,1203341,61910,1593098,0,244050,482888,6356926,0,8824177,0,593204,46240,0,-357071,0,0,0,1288576,0,0,784474,5612656,1211047,18111652,0,4421169,0,0,3763026,2014
new york,0.813649038837992,575115,1116505241,9840386,2784956,42432902,1856092,0,26842,424147,5938997,2133589,4847085,14025151,30786749,84646136,6102592,95969,2574137,2357699,72414,3618326,0,0,3053867,975217,0,2520745,62451427,8085104,195456602,0,14815647,0,27458578,39225111,2014
north carolina,0.879487400117208,0,400049626,5582317,746754,15272430,3256803,474232,25638,0,3254917,747987,1778897,7297060,594864,31747898,0,86926,759099,3215055,1634507,0,0,0,6737930,0,0,1104646,14568187,4646423,49876917,0,9447812,0,-167647,15639454,2014
north dakota,0.852967832354512,0,33590632,232785,103591,22673816,1474584,0,120000,0,0,162804,162605,733718,0,5638763,0,1269140,0,0,0,0,0,0,350063,0,0,0,1396156,744842,10759137,0,3438975,0,0,1112652,2014
ohio,0.811076778064668,0,578340754,2641649,1037007,1885494,0,0,0,0,0,944639,2525315,4817690,1426774,45228315,0,0,349518,0,529919,444050,0,0,4534187,0,0,0,10488333,-3154089,86122160,0,10548704,0,2450731,19997445,2014
oklahoma,0.825545022644525,0,155061337,1527328,353792,33946394,23246740,0,60000,0,0,591655,687105,7246346,0,11618667,0,2010953,-77221,0,0,0,0,0,9859147,0,0,861026,5568271,1790153,26285979,0,5630081,0,0,4962647,2014
oregon,0.761768987051153,687362,151437007,10200314,1378559,2090306,1398392,922598,60000,906402,0,-674504,657555,767019,704983,12239435,0,682809,198258,0,0,867312,0,0,2379353,3524637,0,0,8085021,1533345,22258492,2806724,5418287,0,2,5543711,2014
pennsylvania,0.872541373126196,0,557111349,9016524,514470,2476747,0,0,60000,0,0,2742377,2452072,3920863,2409482,37925762,0,-32964,596608,438823,0,0,0,0,1688040,2347203,0,742735,16211779,4335338,93329949,-47184,10705658,33134527,2479928,18398298,2014
rhode island,0.850990659496179,542102,48981002,0,498308,1582062,0,0,0,0,0,-1073,213020,503190,429400,5638763,0,0,74057,0,0,0,0,0,33757,0,0,0,3450605,663015,10766346,0,3614047,0,0,3249275,2014
south carolina,0.807229107352202,0,214677752,558678,1569084,1350175,18405,0,120000,0,4771751,826636,964324,2628857,5255675,16936197,0,0,-1281,0,0,0,0,0,2324811,0,0,749957,3612291,1915590,28203518,0,6034426,-21,12287402,7211923,2014
south dakota,0.837509580641629,0,42906718,833013,163936,52150973,3340953,0,120000,0,0,-75253,187144,658865,0,5638763,0,648282,7513,0,0,0,0,0,776682,0,0,0,1193518,744842,8132917,0,3570300,0,0,1443618,2014
tennessee,0.88103377708845,0,276057988,572366,545827,3491612,0,0,120000,0,0,2881637,1253754,1126552,3112402,21812885,0,0,67516,495798,0,0,0,0,4598156,0,0,630099,6062058,1644026,38977994,0,7207273,0,8864562,9236052,2014
texas,0.898500414351923,696053,1355078627,58674033,2119373,95262495,493239,3002283,60000,1274954,7548979,4009737,5829317,14690745,11900232,106336064,0,247866,2755457,644862,2496950,664613,0,0,11763587,2486097,0,790105,107485322,14820988,187739235,0,22656446,57979212,29404366,46863406,2014
utah,0.847899806656539,0,88892117,1817138,1037310,8494089,1339565,0,-8645,0,0,1223064,402330,1554625,139479,7201188,0,0,0,0,0,0,0,0,647631,0,0,956413,4505330,1083965,14891003,-222574,5476619,0,0,3127799,2014
vermont,0.877934165720772,0,33230417,631082,210874,475535,218810,0,120000,0,0,-24927,162605,394045,0,5638763,0,0,29928,0,0,0,0,0,3068,0,0,0,495777,744842,10868733,0,3355365,0,0,0,2014
virginia,0.859329867004705,0,228486713,790242,1261618,35001700,11594,0,120000,0,0,675626,1043882,387883,-457,17755595,0,0,358608,571815,0,0,0,0,2055024,0,0,593137,12263478,2322452,45721892,-1,8211318,0,1,7611296,2014
washington,0.784753617005258,0,214343931,15037883,1462486,38712369,3480729,1894516,60000,2963663,0,1613555,961986,2672026,1122606,16764949,0,1173101,591293,0,0,614096,0,0,2391307,2964531,0,0,17897661,2305524,37529724,0,7435855,-63820,646794,7622753,2014
west virginia,0.865959747595542,0,92558089,-298,1003209,10993,0,0,0,0,0,0,394101,0,0,7459768,0,0,62693,0,0,0,0,0,2412049,0,0,800229,679738,772547,19719536,0,4076943,0,0,3133223,2014
wisconsin,0.885014013366596,0,218499388,632255,1361626,12044867,1548253,460572,120000,0,0,3722464,928506,6054658,0,17076430,0,572239,0,0,0,315998,0,0,1743742,0,0,0,8961033,1929961,37826974,0,6712469,0,0,7267182,2014
wyoming,0.793448301113064,0,33676491,231901,671064,15721910,720863,0,0,0,0,211228,162438,112281,0,5609051,0,268425,0,0,0,0,0,0,56667,0,0,0,499496,709998,10844347,0,3161970,0,0,1132068,2014
alabama,0.868064055411385,0,45374995,2045017,951488,3047170,1529560,0,60000,0,0,0,948420,856608,0,17201260,0,0,252130,0,0,266268,0,0,4242951,1629712,0,0,5086337,2458272,9423565,0,6021798,0,5666954,8488939,2013
alaska,0.71591330280115,0,7707023,6916896,209987,111504684,11963512,0,0,0,0,0,166616,887871,0,5373453,0,2091227,13235,0,0,0,0,30497924,248034,0,0,0,2835594,705964,2810384,0,3488087,0,0,1584006,2013
arizona,0.76171342660158,0,65452207,6526752,1342443,157067561,9345771,467896,60000,414215,0,5910777,1372486,4247550,6830449,21886840,0,1716819,701728,4236355,613936,0,0,0,2818606,0,0,0,17572398,3457398,9228798,0,7357664,0,14128257,10951714,2013
arkansas,0.872289018181818,0,31604015,5234823,373831,2365063,259406,0,60000,0,3142066,0,628905,1109714,1821955,11121637,0,0,0,0,460477,0,0,0,4031023,0,0,0,3778115,1502621,5556025,0,4906701,0,550642,5623200,2013
california,0.886614336240448,755812,325619276,129073062,1348033,107291334,4756689,3553949,0,2892755,20923581,11458565,6856136,41468190,64909568,122680463,0,1478888,10757186,6776697,4516331,3593175,0,0,4642557,3530384,0,4464444,154548861,16775147,86951610,0,27711541,0,22237337,64589980,2013
colorado,0.776542967788517,667594,30728232,6987461,529050,28933844,650435,467750,60000,827529,3433666,49623,620653,525741,13958281,10743393,0,0,701150,0,512603,0,0,0,1462033,2397539,0,0,12191815,1624970,6593832,0,6297185,0,21243683,5509793,2013
connecticut,0.897470265435382,0,24933338,0,1192021,4117482,30119,0,0,0,10952686,1553195,499502,2483213,1777032,7665068,0,0,334680,0,341968,0,0,0,441210,2415195,0,0,6870746,935396,5600724,0,5213772,0,1618545,3827835,2013
delaware,0.873131447410401,0,8304687,289864,445562,30244,0,0,120000,0,0,0,186204,481246,350000,5373453,0,0,60750,0,281561,0,0,0,132205,0,0,0,1198888,705964,2810384,0,3548815,0,0,1550685,2013
district of columbia,0.625582068690096,0,8492673,0,216054,624565,0,0,0,0,0,0,184482,14926868,2680014,5373453,13995051,0,42000,0,0,6724355,0,0,0,0,646887,0,1727333,705964,2810384,0,3260458,0,0,1573847,2013
florida,0.766503309324509,687680,137243675,22567123,1172154,8072458,107351,680174,60000,249439,16260398,0,3274156,3942310,10024729,55689274,0,0,0,0,1687637,802666,0,0,2668349,2275775,0,1470349,40731151,7862206,26681828,0,13812502,0,11273712,28013585,2013
georgia,0.746192931025867,0,100116377,7833904,1205741,20046226,0,444995,0,411092,0,0,2106646,4132334,108810,36292212,0,0,0,3627748,1025390,255012,0,0,5932633,1633844,0,725901,14599549,5161675,15517413,0,9695866,21220623,0,18002158,2013
hawaii,0.818976976208749,0,9338038,796996,356770,55922367,0,0,120000,0,0,0,230069,0,197667,5373453,0,0,99330,0,0,0,0,0,0,0,31750282,0,3795160,705964,2810384,0,3788936,0,0,1700754,2013
idaho,0.771390178727878,0,11877220,3543134,438493,3292848,311574,931136,60000,823315,0,0,244866,441228,391606,5373453,0,0,76500,0,0,0,0,0,1407489,0,0,0,1811976,705964,2814793,0,4146100,0,0,2127448,2013
illinois,0.860787161919442,0,134619958,1892998,1597785,33906402,192104,0,60000,0,0,49792,2857927,3364490,3546642,47444770,6018436,0,2191745,4883650,517857,1775289,0,0,3927905,5778124,0,1143677,29864386,5195808,23711711,0,11292072,0,0,23217134,2013
indiana,0.878844115436843,684783,55048863,5454452,544027,5131729,0,0,0,0,0,0,1100098,2565231,11244742,19368595,0,0,471134,71900,0,0,0,0,1636866,0,0,0,8626992,2737044,9832205,0,7301270,0,6339199,9657282,2013
iowa,0.914814586466165,0,19869708,1595781,366742,445470,236541,0,0,0,0,3497658,399144,1757951,0,6346797,0,0,59175,0,0,0,0,0,1760123,1549950,0,0,4007761,925562,4636730,0,4942576,0,0,3170215,2013
kansas,0.866802970754826,651270,21905054,11449386,326962,24041066,1012850,899952,60000,760672,3999993,2442196,427021,1033993,0,7801016,0,0,99000,2277315,0,269412,0,0,3314232,0,0,699858,4744970,964805,4724944,0,4922102,0,0,4233023,2013
kentucky,0.889448606688726,0,44116852,7333629,925825,6353419,0,924544,60000,0,0,0,921811,4807189,0,15966756,0,0,473640,603451,1,0,0,0,4801538,0,0,1e+06,3945685,2108070,9312632,0,5725071,0,0,8080456,2013
louisiana,0.772232935447729,0,58224579,2450813,1746180,8616956,909399,433749,0,0,0,3451353,1228832,1081295,246150,20431937,0,0,158085,1109048,1409986,298451,0,0,3300474,0,0,589103,2985559,2508967,13501120,0,5962398,23574566,15460013,10103223,2013
maine,0.861509792014574,0,10573644,1159932,217118,1987115,157590,284394,0,0,0,0,215653,1027311,189834,5373453,0,0,80415,0,0,0,0,0,2149341,0,0,0,1107707,705964,2810384,0,3734161,0,0,1868943,2013
maryland,0.865128108224841,626357,37511663,501170,1584749,6661277,79998,459316,0,0,0,3533155,851922,1381772,216635,14474743,0,0,709357,0,297467,271552,0,0,218461,0,0,0,9677150,1430851,8385334,4999994,6609960,0,1132718,7127320,2013
massachusetts,0.871117161463054,0,46116119,1596165,2334655,399858,41736,0,60000,0,3850000,0,921195,6334573,4954853,15195793,0,299198,525874,0,0,0,0,0,324709,3402156,0,863083,14787366,1693130,10853174,0,6821273,0,12551257,7552762,2013
michigan,0.841905330817521,0,109275647,8486717,620547,19036216,1995844,466911,60000,816619,3396230,5997155,2143532,1946957,4718422,37489446,0,0,497000,0,0,0,0,0,4452862,50662,0,1649766,10576590,4388433,23691506,0,9238663,0,6865780,18597302,2013
minnesota,0.819978123555693,0,33921444,2052792,320745,19497888,3265230,0,60000,0,0,26397,639320,2226339,6255669,11644018,0,907908,0,0,217712,589150,0,0,2596214,0,0,597124,8067768,1446417,8106531,0,6422685,0,0,5755257,2013
mississippi,0.782198145285935,0,37503160,1027145,750217,1538263,458997,0,60000,0,1995391,0,726604,7682861,0,13137967,0,0,191233,0,806652,0,0,0,4790675,0,0,680606,1574363,1888163,8577194,0,4997608,0,4865301,6465129,2013
missouri,0.894925305602847,0,45724422,1503992,1355827,22785795,75811,416903,60000,411266,0,0,968886,2611449,0,16310153,0,0,169015,907356,0,0,0,0,7259141,1201187,0,428734,5808817,2358722,10229143,0,6778374,0,6886438,8044882,2013
montana,0.845841437436325,0,8304687,997723,97406,53962151,3189510,0,120000,0,0,0,188752,536831,0,5373453,0,2497325,44452,0,0,0,0,955205,2902311,0,0,0,1202571,705964,2736330,0,3593987,6184768,0,1605773,2013
nebraska,0.881950396916441,0,14329925,5047990,334619,25606546,874188,0,60000,0,0,0,287280,198216,0,5373453,0,806705,45000,0,0,0,0,0,2592424,814052,0,0,2935314,705964,2881991,0,4221562,0,0,2763072,2013
nevada,0.747227482128674,0,19671825,234489,450556,3378071,731006,0,120000,0,0,0,481627,0,0,8150469,0,0,335683,0,0,256702,0,0,81504,3456039,0,0,8442070,1134708,2958265,0,4771757,11789226,3074153,3996093,2013
new hampshire,0.886942405232248,0,8304687,144926,475744,4000,0,0,120000,0,0,0,175858,0,2789811,5373453,0,0,23055,0,0,0,0,0,1505205,0,0,0,1322709,705964,2810384,0,3770583,0,0,1412878,2013
new jersey,0.888782245539604,0,64387933,1944569,1429361,19174971,32866,0,60000,0,0,1250000,1219108,3661810,3369720,22201611,0,0,565335,2259525,217985,620347,0,0,1550822,0,0,1520620,21345074,2299423,13516455,0,8528824,0,0,10957647,2013
new york,0.798104858606946,575155,219457124,9795478,2900230,26555963,1795907,0,60000,413382,5986829,1500000,4635804,15397610,26297359,79691696,5706726,0,2807665,3465402,530467,3733465,0,0,3604007,961475,0,2783846,58177920,7717071,56956762,0,14421009,0,7223180,39272580,2013
north carolina,0.865994388792649,0,78721160,5584923,1884529,17853828,3361757,467028,60000,0,0,0,1737717,5992144,469613,30271873,0,282096,882011,1832420,1974733,0,0,0,6033404,0,0,996299,13705884,4464834,12912758,6131422,9148032,0,15683187,15034627,2013
north dakota,0.856850619091999,0,6635977,231723,99004,24265814,1314429,0,120000,0,0,0,154428,225993,0,5373453,0,1278793,0,0,0,0,0,0,407988,0,0,0,1321329,705964,2810384,0,3400252,0,0,1271387,2013
ohio,0.82186696725649,0,120402992,2629595,1127529,3703859,0,0,0,0,0,0,2479861,4711684,1917175,43177025,0,0,327846,1388696,4788281,0,0,0,4601115,0,0,0,9818716,4889784,22295639,0,10262905,0,29760586,21160893,2013
oklahoma,0.823788577955454,0,32139643,1520359,334901,39569004,23341994,0,60000,0,0,0,635907,4685550,175000,11832496,0,1313270,0,0,0,0,0,0,9952407,0,0,990874,5249525,1661213,6794448,0,5491565,0,0,5831254,2013
oregon,0.744371401260839,688567,31697995,10154140,1139323,3604624,1555413,1384377,60000,828422,0,0,671176,495603,621923,10867831,0,366024,381510,0,0,0,0,0,2668867,3552478,0,0,8519748,1535488,5759941,0,5317086,0,13153404,5693957,2013
pennsylvania,0.878694043240334,0,116104372,8975378,570467,5801261,0,0,60000,414219,0,0,2345862,1535042,3645712,42613544,0,0,610970,0,449975,512513,6019231,0,1840017,2360256,0,446667,14929273,4134523,24266001,0,10450597,31437960,2776361,21128476,2013
rhode island,0.82479415490409,542140,10053887,0,494902,2132771,0,0,0,0,0,0,207507,575244,84730,5373453,0,0,92205,0,0,0,0,0,48827,0,0,0,3431181,705964,2736330,0,3595426,0,0,1737554,2013
south carolina,0.801471156073828,0,43063274,556129,1463733,2092633,17553,0,120000,0,5674234,3313216,927738,2455696,5252726,15733557,0,0,0,1162855,0,333833,0,0,2869883,0,0,749992,4412238,2279684,7211519,0,5891024,0,3625632,7734952,2013
south dakota,0.833154174884944,0,8304687,829212,143326,58540469,3496610,0,120000,0,0,0,183247,660315,0,5373453,0,1775946,22500,1386561,0,0,0,0,633232,0,0,0,1052817,705964,2810384,0,3534782,0,0,1580407,2013
tennessee,0.872552032356497,0,55069602,569807,499514,5640113,0,0,120000,0,0,3297394,1193907,1579528,2623611,21096833,0,0,344613,0,0,276000,0,0,4855763,0,0,623402,5821494,3050206,10079550,0,7021150,0,6610014,10315243,2013
texas,0.892194875708131,696102,272126454,58406271,1915906,86152045,509441,2977457,60000,2425279,10198717,0,5828336,13715277,11163085,102042665,0,247866,2364204,627927,2843440,281138,0,0,12227362,2481344,0,1593574,102932985,14385763,48558692,3988124,21606523,55016430,34778331,51942262,2013
utah,0.838342143595527,0,18477386,1828502,852863,9090992,1324232,0,60000,0,0,0,394145,3598699,140000,7088970,0,0,0,0,0,0,0,0,548974,0,0,996743,4602342,1059444,3777431,0,5324523,0,0,3557588,2013
vermont,0.877583789880761,0,6457685,628202,612550,589744,216730,0,120000,0,0,48391,154428,204143,0,5373453,0,0,26100,0,0,0,0,0,0,0,0,0,5e+05,705964,2810384,0,3344663,0,0,0,2013
virginia,0.855119904585211,0,46503403,786682,1721820,40614926,11095,0,120000,0,0,0,978323,1404159,0,16427283,0,0,401947,777753,277856,278765,0,0,2130579,0,0,596749,11431525,2216318,15734184,0,7969572,0,9634373,8090119,2013
washington,0.781974653751079,0,45601588,14969257,1381712,31467982,3963792,1813784,60000,2370907,0,0,919172,4114642,0,15659088,0,1177030,694658,0,0,571728,0,0,2536181,2149973,0,0,17573759,2189346,9703758,0,7212130,0,1,8217487,2013
west virginia,0.846728879659643,0,19410488,0,1124715,15929,0,0,0,0,0,2243782,410716,272525,0,7092594,0,0,93600,0,0,0,0,0,2677318,0,0,816915,653047,767721,5100962,0,4036497,0,0,3493287,2013
wisconsin,0.886783273599806,0,46079904,629371,1300567,13674638,2435264,414865,120000,0,0,3499998,941469,7281737,18648500,17303093,0,812717,0,0,445214,510452,0,0,2358843,0,0,0,8398781,1830576,9781371,0,6567168,0,0,8478125,2013
wyoming,0.787721638961796,0,6639877,230923,618361,13810385,803284,0,0,0,0,0,154428,132508,0,5373453,0,264438,0,0,0,0,0,0,49946,0,0,0,5e+05,705964,2810384,0,3357456,0,0,1223430,2013
alabama,0.816320710829922,0,226839000,2135130,955174,2177149,1610922,0,60000,0,0,0,1046309,0,0,17422148,0,0,537248,0,0,3e+05,0,0,4416293,1616050,0,0,4983230,2685939,38511453,0,6330371,0,0,0,2012
alaska,0.723180873180873,0,36301069,7221686,244135,105273133,12280825,0,0,0,0,0,164751,401525,0,5643199,0,2321223,16698,0,0,0,0,11993431,232038,0,0,751221,2113384,744840,11480065,0,3541678,0,0,1556643,2012
arizona,0.75589159919418,0,317013525,6814352,1479666,105065095,10021296,475000,60000,425000,1994945,5391256,1330033,1977772,13073685,24198421,0,2332393,506352,4116546,210402,0,0,0,3463100,0,0,946425,20074122,3410418,38483857,0,7753124,0,0,11631026,2012
arkansas,0.851321045914582,0,156765642,5465494,375459,679044,290341,0,60000,0,0,0,676306,291387,1710915,11915040,0,0,0,0,0,0,0,0,4692470,0,0,0,3642913,1611191,23448512,0,5079885,0,0,5795143,2012
california,0.873997119193374,749454,1635383501,134760620,1567686,68839391,5967008,3600201,0,2957982,12237715,10750713,7462157,18793847,2793750,124077384,0,1269927,8286436,7947267,4466750,4164128,0,0,8866081,4106470,0,4727486,166577439,17876173,285586319,0,30238573,0,0,63020218,2012
colorado,0.771178143811603,699600,152180498,7295360,552516,22462218,669804,474253,60000,849077,1226731,0,654048,0,5047293,11717063,0,0,653573,0,0,0,0,0,2389844,2641191,0,1481462,13112304,1699715,27133216,0,6592095,0,0,5773975,2012
connecticut,0.878518500869648,0,106317174,0,1609936,4426342,17095,0,0,0,7634926,0,465976,1474162,0,8021705,0,0,633980,0,0,0,0,0,1227860,2276753,0,0,6750524,887579,22523428,0,5452426,0,0,3865927,2012
delaware,0.808106910809214,0,42536875,302638,476774,52225,0,0,120000,0,0,0,190232,0,0,5643199,0,0,58476,0,263522,0,0,0,139745,0,0,0,1230843,744840,11480067,0,3602526,0,0,1542937,2012
district of columbia,0.622485243232241,0,48511358,0,1216094,1156950,0,0,0,0,0,0,195297,1121199,1897236,5643199,15056398,0,0,0,0,0,0,0,0,0,645933,0,1536909,744840,11480067,0,3279828,0,0,1846097,2012
florida,0.760767651304153,749984,738779700,23561534,1547243,6437366,130585,844190,60000,418084,13456625,0,3386786,778979,21397238,58059259,0,0,761162,0,1586971,838700,0,0,2707933,2194797,0,1320948,43010932,8120268,109526229,0,14811060,0,4064721,0,2012
georgia,0.736128030579417,0,522805628,8179101,1164195,17644665,0,442504,0,422483,0,0,2206876,1300807,1,40361648,0,0,382357,3524519,1158452,249696,0,0,6660042,1592543,0,747226,15988604,5260953,64183201,0,10307735,0,0,19233337,2012
hawaii,0.825776754890679,0,46762228,832114,339161,73980076,0,0,120000,0,0,0,204243,0,0,5643199,0,0,492687,0,0,0,0,0,0,0,33135523,0,3857892,744840,11480066,0,3874218,0,0,0,2012
illinois,0.832172233683009,0,644897280,1976414,1147451,15138941,188646,0,60000,0,0,0,2885828,1221330,0,50297549,6371745,0,1721335,7615264,277716,1594880,0,0,6780611,5633781,0,1853809,31600185,5282424,98888001,0,12182729,0,0,23665476,2012
indiana,0.870128609170276,734979,258435176,5694800,573838,1874542,0,0,0,0,3850088,0,1178404,1360451,2147073,19490325,0,0,387776,110450,0,0,0,0,2136325,0,0,0,8709513,2899118,41442505,0,7724033,0,0,9351905,2012
iowa,0.897207748830995,0,78577735,1666098,515488,459145,315692,0,0,0,0,3270359,386238,297552,0,5956271,0,0,41576,0,0,0,0,0,4666140,1503038,0,0,3907545,940605,18781393,0,5123932,0,0,2863652,2012
kansas,0.865169585964511,677961,109947556,11953899,314539,28367666,1182091,918102,60000,773575,0,2273208,483238,349217,0,8648128,0,0,85765,2137816,0,254609,0,0,4297197,0,0,638589,4816041,1048080,19227919,1757103,5104716,0,0,4493151,2012
kentucky,0.902683695928215,0,225835722,7656783,962033,2517735,0,938581,60000,0,0,0,985391,7002818,0,17355104,0,0,394457,404235,1,0,0,0,5241425,0,0,0,4059827,2210718,37842135,0,5992802,0,0,8437046,2012
louisiana,0.768097037655393,0,296562472,2558808,1708383,11560152,942688,433486,0,0,3771853,3214991,1242840,673091,0,21441365,0,0,46568,1147929,0,298521,0,0,3504714,0,0,1024909,3057371,2550206,54080041,0,6242079,0,0,10197153,2012
maine,0.858355345679923,0,52232540,1211045,225917,1591880,160948,291510,0,0,0,0,226920,355030,0,5643199,0,0,69197,0,0,0,0,0,2811521,0,0,0,1101907,744840,11480066,0,3815260,0,0,1949584,2012
maryland,0.851908159864255,656371,184028123,523255,1583465,6356801,70124,456135,0,0,0,3075963,880105,0,0,14262844,0,0,963303,0,400396,221566,0,0,185088,0,0,0,10400845,1470908,34726823,1926577,6966494,0,0,6751847,2012
massachusetts,0.860500622103119,0,216953578,1666499,2606350,404709,69040,0,60000,0,2853375,0,924385,376538,3209161,16482734,0,99198,388857,0,0,0,5e+06,0,1270560,3373113,0,741750,15273505,1707316,43657101,0,7204698,0,0,7873933,2012
michigan,0.831916909998791,0,538783471,8860681,809474,7724361,2618875,474000,60000,831882,0,5606693,2279817,1647366,4611413,41284256,0,0,463181,0,0,274875,0,0,5832539,0,0,649157,10916550,4663571,95633347,0,9923477,0,0,19665584,2012
minnesota,0.80734665846043,0,157879559,2143247,245550,18584876,3771106,0,60000,0,2097948,0,708233,7354675,2441900,12439164,0,1036321,0,0,231344,274162,0,0,3758162,0,0,556164,8589712,1603345,32934745,0,6743120,0,0,5911583,2012
mississippi,0.757793952636863,0,193221814,1072406,830310,927105,471650,472080,60000,0,866639,0,798439,409066,0,14433678,0,0,187710,0,1323852,0,0,0,5226055,0,0,1525920,1642315,2071960,35730726,0,5188546,0,0,6828481,2012
missouri,0.88054401395102,0,240402649,1570264,1379450,10518177,87035,412855,60000,407090,0,867965,991680,1143054,855330,18987498,0,0,407703,1082523,0,0,0,0,7980960,1269277,0,0,5853814,2412599,41810546,0,7158030,0,0,9002867,2012
montana,0.835043720930232,0,44814477,1041687,113007,43050371,3561827,0,60000,0,0,0,195408,0,0,5643199,0,2559671,67084,0,0,0,0,0,5460696,0,0,0,1085504,744840,11480066,0,3649643,0,0,1645333,2012
nebraska,0.870912447017,0,63749450,5270429,407328,14467413,886144,0,60000,0,0,0,323910,251825,0,5643199,0,1221757,20927,0,0,0,0,0,4136584,789941,0,0,2667028,744840,11755893,0,4329308,0,0,2439910,2012
nevada,0.698628849123445,0,99175732,244823,442335,2160479,761774,0,120000,0,0,0,495665,0,0,7643861,0,0,248657,0,0,296753,0,0,149694,3423967,0,0,9183756,1162496,12308013,0,4931036,0,0,3597564,2012
new hampshire,0.879605661959115,0,40491612,151313,482204,9609,0,0,120000,0,0,0,173671,0,1372212,5643199,0,0,10408,0,0,0,0,0,2361369,0,0,0,1221545,744840,11480066,0,3858987,0,0,1476402,2012
new jersey,0.879438861514523,0,300249946,2030255,1989515,20223453,54836,0,60000,0,0,0,1349728,0,4057153,22798466,0,0,349294,2780169,276534,624064,8e+06,0,1978476,0,0,0,22440333,2538055,54855510,0,9096178,0,0,10827610,2012
new mexico,0.708946147440219,0,115270171,953105,360409,56321645,7624685,896626,120000,1678851,0,0,534853,792730,0,8729513,0,503447,102081,0,0,0,0,0,1915639,0,0,1172108,5715018,1269260,19038238,0,4511669,0,0,4132255,2012
new york,0.793651652785315,613986,1163547458,10227112,2944065,54401783,1914407,0,60000,424158,13489793,0,4842885,6880084,22575043,87348119,5730364,0,1984721,4882060,637177,3884581,0,0,4203804,935763,0,2653721,58203506,8036036,203761040,0,15631636,0,0,41376581,2012
north carolina,0.854963021458903,0,392835320,5831021,2266788,18222049,3669119,466585,60000,0,0,0,1841344,2899767,0,30382826,0,162669,702847,1411798,0,0,0,0,6780650,0,0,599130,15739992,4733183,53672170,0,9706560,0,0,14484742,2012
north dakota,0.857465175462095,0,34506396,241933,81912,20910465,1898270,0,120000,0,0,0,162932,530274,0,5643199,0,1152578,0,0,0,0,0,0,989232,0,0,0,1002226,744840,11480066,0,3429251,0,0,1236025,2012
ohio,0.825396223085069,0,574819917,2745468,934651,1928235,0,0,60000,0,0,56031,2625826,1211750,0,44561817,0,0,284938,1523165,2732834,0,0,0,6289378,0,0,0,10372608,5268605,90691008,0,11021049,0,0,21032921,2012
oklahoma,0.844095489898511,0,156428522,1587352,307332,41227842,25256826,0,60000,0,0,0,719404,1718411,0,11863563,0,862743,0,0,0,0,0,0,10237903,0,0,0,4887029,1896140,27850425,0,5709418,0,0,5626617,2012
oregon,0.714594002464741,734980,146593673,10601578,707622,3395173,1980470,1366307,60000,849786,0,0,661079,269899,0,11468489,0,616677,352158,0,0,0,0,0,3217159,3509814,0,0,8623939,1543635,23500557,6273320,5537061,0,0,5793113,2012
pennsylvania,0.866367564585823,0,553742465,9370874,966956,4288943,0,0,60000,424800,0,0,2592529,0,350970,41145417,0,0,771915,0,449125,574597,0,0,2300432,2340106,0,1207867,15283202,4561474,97761553,0,11241692,0,0,19633684,2012
rhode island,0.808947930574099,570590,49354025,0,445734,2123978,0,0,0,0,0,0,214602,0,1,5643199,0,0,59451,0,0,0,0,0,176654,0,0,0,3427404,744840,11480066,0,3661399,0,0,0,2012
south carolina,0.778299320364719,0,219650852,580634,1472773,1419162,20172,0,120000,0,3587016,3080621,956824,344424,2589949,17183734,0,0,425636,1126370,0,286640,0,0,3179131,0,0,712480,4759962,2330551,30486587,0,6146897,0,0,8119089,2012
south dakota,0.828637198746353,0,43855439,865751,139292,45858481,3817397,0,120000,0,0,0,192986,0,0,5643199,0,1242373,420042,1044826,0,0,0,0,1178691,0,0,693333,1107581,744840,11480066,0,3580785,0,0,1606097,2012
tennessee,0.862874094357921,0,275560848,594916,481690,2395885,0,0,120000,0,3771496,3082818,1282640,1057893,2352939,21168384,0,0,202006,0,0,259000,0,0,5165364,0,0,578266,6432204,3273638,41558177,0,7397889,0,0,0,2012
texas,0.88966148501898,750912,1361853064,60979922,2176935,79718344,646613,3177581,60000,2475797,3907988,0,6206438,7548979,4671736,104440061,0,247866,2006084,497659,2420398,561795,0,0,14545616,2442101,0,3077433,105248503,15226261,199765691,0,23231837,0,0,51189930,2012
utah,0.829920760697306,0,83064246,1909074,967445,8431328,1347822,0,60000,0,0,0,431238,799808,0,6287988,0,0,138828,0,0,0,0,0,799847,0,0,0,5212126,1151366,15963822,0,5500851,0,0,3044477,2012
vermont,0.86818390102337,0,33639511,655883,616860,403161,229263,0,120000,0,0,0,162932,0,0,5643199,0,0,18168,0,0,0,0,0,771,0,0,0,504288,744840,11480066,0,3383699,0,0,0,2012
virginia,0.847930075548877,0,239464234,821347,1771086,45146660,12410,0,120000,0,0,49298,998884,746924,0,18840833,0,0,188905,957518,270448,299771,0,0,2185166,0,0,1432796,11624874,2231272,43107324,0,8434496,0,0,8918470,2012
washington,0.765862226335205,0,210848257,15628872,1037005,38075669,4169359,1814289,60000,2524135,0,0,951225,1165519,0,16504291,0,1478715,461578,0,0,565628,0,0,2998961,3235048,0,0,17959407,2324644,39624953,0,7604340,0,0,8328669,2012
west virginia,0.815959693828118,0,91791374,0,955287,18446,0,0,0,0,0,2068709,421023,0,0,7098334,0,0,52629,0,0,0,0,0,2848223,0,0,0,610453,823952,20407688,0,4138140,0,0,3358459,2012
wisconsin,0.880079887571208,0,216422082,657103,671308,11991582,2634048,474818,120000,0,0,3272547,1047593,2728306,18573500,16549247,0,1109361,426050,0,0,773721,0,0,4244788,0,0,0,7842837,2097051,39701497,0,6930667,0,0,7813440,2012
wyoming,0.778570272259014,0,32895366,241098,646207,6568340,917132,0,0,0,0,0,162932,417409,0,5643199,0,579269,0,0,0,0,0,0,10486,0,0,0,5e+05,744840,11480066,0,3385888,0,0,1198433,2012
alabama,0.779706131260794,0,56056070,2139281,954954,3439036,1644140,0,0,0,0,575465,1009502,2487995,0,16592039,0,0,745358,0,287683,299390,0,0,4661277,1753625,0,0,3657569,3011829,11672934,0,6333266,67309,0,8035396,2011
alaska,0.701785537149092,0,8629836,7235727,238129,136581147,11633625,0,0,0,0,1091933,163241,1425655,190761,5653883,0,2135758,21390,0,647953,0,0,32819226,184976,0,0,750865,1956060,871257,3483632,0,3537277,150000,0,1636914,2011
arizona,0.768891256767653,0,78241742,6827600,1502389,171502096,9855372,475000,0,424940,2065371,8338160,1402919,2907506,6950129,23186233,0,2547281,611064,4591005,1744308,0,0,0,2800907,0,0,704020,23034013,4208022,11713507,0,7726173,150000,8182610,11382786,2011
arkansas,0.839297768666251,0,39316450,5476120,516815,864134,304173,0,66666,0,0,749999,690431,0,5210414,11883151,0,0,0,0,469289,0,0,0,4206468,0,0,0,3226326,2000806,7128232,0,5069585,150000,0,5890593,2011
california,0.861393772707898,751041,407233022,135022620,1649089,85854087,5594911,3262821,0,3780455,15161975,33325881,7189733,34521798,96767462,134122758,0,671271,11277567,6451879,4654140,4481372,0,0,7063272,4518359,0,4258703,165972660,20102918,81642534,0,30244931,841329,3003229,69095854,2011
colorado,0.758920271838223,681931,39819587,7309544,675787,23963971,696254,474603,66666,394573,1421412,1319136,678943,1358836,5187971,11808418,0,0,633060,0,1224272,0,0,0,2141322,3e+06,0,1465314,12771526,2046594,8241084,0,6551376,146692,9757858,5933129,2011
connecticut,0.874071886882129,0,30306615,0,2040420,5316158,0,0,0,0,7623750,0,465012,1812074,0,8674872,0,0,830475,0,192821,0,0,0,1045978,2241918,0,0,6441067,1036350,6831128,0,5476919,150000,0,4231455,2011
delaware,0.81825,0,9756103,303226,377465,61601,0,0,0,0,0,0,187881,664853,0,5653883,0,0,67431,0,201742,0,0,0,123081,0,0,0,1032081,871257,3483631,0,3603729,0,0,1544373,2011
district of columbia,0.589020388349515,0,11072099,0,357173,1268798,0,0,0,0,0,1042069,223306,0,5376294,5653883,14307134,0,146828,0,782749,6691385,0,0,0,0,0,-313468,1123667,871257,3483631,0,3274725,145900,0,1792591,2011
florida,0.751987002621675,751064,172431926,23607342,1685300,9004190,77512,828488,66666,411489,15911287,2920151,3364395,10744748,21420201,56090414,0,0,3093732,0,2527781,1020035,0,0,3087206,2486941,0,1445897,42878108,9215675,33218815,0,14796652,266506,4782940,27742866,2011
georgia,0.714223500982962,0,127627496,8195003,1040810,24466458,0,439932,0,421533,0,6099405,2338478,11011388,0,39743543,0,0,864759,3445288,2270543,522570,0,0,7060613,1778730,0,734779,16340418,6182309,19492750,0,10269793,26289263,0,19333421,2011
hawaii,0.812195095407386,0,11245045,833732,361034,44058448,0,0,133333,0,0,0,214183,3158279,102182,5653883,0,0,659874,0,0,0,0,0,0,0,33969835,0,3351954,871257,3483632,0,3871726,0,0,1589360,2011
illinois,0.823911480133643,0,163534493,1980256,1111282,22403957,166828,0,66666,0,1782878,2671520,2913975,7997009,3323402,46106456,6668630,0,2557053,7144533,753623,1825794,0,0,6745531,5221108,0,1745086,31364349,6496153,30033491,0,12238873,208475,0,22145132,2011
indiana,0.865193886830354,728032,67379743,5705872,542283,2514238,0,0,0,0,3990644,4592320,1129111,5720178,3e+06,18854670,0,0,442368,209876,0,0,0,0,1374604,0,0,0,7838398,3251776,12565424,0,7729895,147061,0,9240201,2011
iowa,0.897386390815594,0,21519173,1669338,402355,627955,105216,0,0,0,0,6146790,345069,1742869,0,5995052,0,0,60102,0,0,0,0,0,3295754,1500375,0,0,2951355,1068679,5693966,0,5118260,41176,0,2939883,2011
kansas,0.85784279163084,678904,29210981,11977140,352576,25835356,1272496,921860,66666,791849,559321,3063682,501010,38506,0,7877318,0,0,94556,1968527,0,253166,0,0,3884742,0,0,594911,4395747,1189390,5829533,0,5100444,150000,0,4214063,2011
louisiana,0.74739313924622,0,73794365,2563783,1801095,8311522,938462,426768,0,0,9196428,5420078,1242184,2076911,5832186,22831362,0,0,63034,1504407,4241481,277369,0,0,3641579,0,0,698836,2980281,2990243,16395638,0,6237611,29100693,3970717,11063331,2011
maine,0.848932870038688,0,13609682,1213399,195881,2179465,149316,288828,0,0,0,1908352,235071,1809132,0,5653883,0,0,71922,0,0,0,0,0,2757924,0,0,0,1076182,871257,3483632,0,3825814,150000,0,1977732,2011
maryland,0.838509640437728,642347,45148193,524272,1514231,6041216,74020,446265,133333,0,0,3077302,826898,3255841,375000,14003620,0,0,1053118,0,279830,446311,0,0,103521,0,0,0,10081381,1618199,10521959,0,6981686,0,416989,6759365,2011
massachusetts,0.856369984482376,0,59072520,1669739,2682418,502063,77497,0,66666,0,4925625,3725232,955551,9954861,1575562,16514111,0,299196,1444168,0,2664999,0,0,0,1027348,3838855,0,741399,12969911,2061460,13245609,0,7236907,150000,895646,8023626,2011
michigan,0.822773960446247,0,134022275,8877908,351720,7861866,2574807,472577,0,424367,0,8647504,2391894,4358596,4739943,40417309,0,257553,552970,0,0,274158,0,0,5188113,1124214,0,693564,10894290,5658928,29025548,0,10040252,286930,4457877,19650049,2011
minnesota,0.784228766319495,0,44433059,2147414,253181,19030336,3643708,0,66666,0,2150219,49641,720651,2227199,0,9836416,0,1091049,658556,0,228827,274162,0,0,3394088,0,0,574206,8344163,1829425,9985802,0,6740334,145758,0,4787344,2011
mississippi,0.752272967342508,0,48015016,1074491,859268,3059021,447967,472080,66666,0,949959,5163092,836765,687232,0,15386896,0,0,915529,0,1253668,0,0,0,5405501,0,0,1723908,1829825,2538242,10848996,0,5193703,150000,0,7418518,2011
missouri,0.864754468248801,0,58152090,1573317,1532662,17950990,86357,463165,66666,403990,0,1486254,1100009,2299886,4614292,18306451,0,0,986699,1235467,0,0,0,0,7960072,1430864,0,0,5500088,3079319,12714081,0,7169892,150000,0,8860652,2011
montana,0.831550093674726,0,10052449,1043712,122685,43161992,3262098,0,66666,0,0,2741692,198425,393033,0,5653883,0,2090125,43968,0,0,0,0,0,4495074,0,0,0,1131715,871257,3483632,0,3649089,7870180,0,1682039,2011
nebraska,0.861130274237853,0,16435563,5280675,323846,20508844,843194,0,66666,0,0,49800,276922,5233964,0,5653883,0,1005136,19496,0,0,0,0,0,3566615,878334,0,0,2634260,871257,3567071,0,4318452,150000,0,2439822,2011
nevada,0.622523287748804,0,22502221,245298,255413,3798639,725830,0,133333,0,0,0,443175,0,90351,7046037,0,0,341802,0,0,350000,0,0,70605,3019336,0,0,9019735,1207913,3723933,0,4923542,14625391,0,3389978,2011
new hampshire,0.868061780170255,0,9756103,151607,452184,4980,0,0,133333,0,0,0,179991,0,2947300,5653883,0,0,26611,0,0,0,0,0,2036817,0,0,0,937080,871257,3483632,0,3875823,150000,0,1470409,2011
new jersey,0.872701594851707,0,82434485,2034202,2196932,10796341,36969,0,66666,0,0,720710,1321687,4994824,1191913,22811967,0,0,481219,2673372,683196,612726,0,0,1648123,0,0,0,20556638,2933645,16637114,0,9139615,82894,0,11064048,2011
new mexico,0.711925577050329,0,27755670,954958,276471,101029882,6631246,894276,133333,1259374,0,3664297,505749,5951798,4555030,8653281,0,464346,143857,0,1929997,0,0,0,1656351,0,0,1011910,5030889,1383863,5765150,0,4505267,150000,0,4178928,2011
new york,0.790472774895951,598790,280135793,10246996,2883473,32839383,1353216,0,66666,423753,13442775,13443954,5064155,17866909,32195344,95069053,6269636,0,3582096,4124671,1945792,4804994,9983395,0,3191839,1042892,0,2192249,53757900,9781450,59292065,0,15765500,298976,1197783,45906187,2011
north carolina,0.839511008656379,0,96043041,5842357,1300945,19773247,3398332,461955,66666,0,0,6541266,1760579,5195491,118890,29257512,0,544258,679704,1356201,1766132,283960,0,0,6434252,0,0,1761344,15073450,5322092,16278173,0,9644744,117998,764903,14237736,2011
north dakota,0.855440707258708,0,8130559,242404,75617,25323241,1681977,0,133333,0,0,0,163241,408627,0,5653883,0,925319,0,0,0,0,0,0,505746,0,0,0,999996,871257,3483631,0,3424063,150000,0,1313523,2011
ohio,0.817968492853291,0,146791305,2750805,1842457,3097534,0,0,66666,0,0,3740580,2582216,4202922,3938060,40590417,0,0,401289,1914937,3687457,0,0,0,5205573,0,0,0,8947422,6148589,27514183,0,11096071,120539,13615413,19582289,2011
oregon,0.709183994818306,728032,37970582,10622190,1140475,3785948,2035365,1704986,0,847744,0,5601397,664393,1102409,226169,11264982,0,1067748,417511,0,0,0,0,0,2795347,4009062,0,0,8267313,1756721,7126954,0,5533264,150000,7891213,5816476,2011
pennsylvania,0.855676593612327,0,141016011,9389093,768384,3006904,0,0,66666,424500,0,2396612,2384170,5634428,1172721,44262277,0,1,763710,0,1692872,573503,0,0,1772115,2628172,0,964863,13581648,5053589,29617021,0,11308440,38900894,503777,21534479,2011
rhode island,0.781092827004219,571170,12701763,0,577080,1757733,0,0,0,0,0,0,217679,447336,4877043,5653883,0,0,82795,0,0,0,0,0,74041,0,0,0,2663643,871257,3483632,0,3670712,150000,0,1817469,2011
south carolina,0.751441848065892,0,54677522,581763,1436527,1955845,20097,0,133333,0,3792930,6013394,995582,6270917,3458716,16710233,0,0,1162503,1127734,0,397237,0,0,3532504,0,0,749578,5060403,2757646,9258436,0,6134580,150000,30865,8067374,2011
south dakota,0.829163660216464,0,9756103,867434,143809,54932690,3632324,0,133333,0,0,39555,194199,1057356,0,5653883,0,1792436,427832,1046608,634127,0,0,0,997746,0,0,693006,901532,871257,3392172,0,3576728,0,2150869,1638017,2011
tennessee,0.873388849167963,0,68129847,596073,539631,5396201,0,0,133333,0,3732018,4537316,1227251,2040992,8338113,21081223,0,0,245939,0,0,602217,0,0,5277956,0,0,523549,5846451,3702254,12603432,0,7383337,150000,0,10110900,2011
texas,0.884774821591707,751304,329248633,61098478,2331823,102624979,392057,3137948,66666,2869380,9786717,9157686,6051924,12470603,9881240,102765038,0,247866,4331048,1006296,5277027,252363,0,0,15437293,2736957,0,3512890,102914776,17633540,60610991,0,22888175,68249370,22578589,51428374,2011
utah,0.800696103195429,0,20993546,1912786,875700,9623676,1233024,0,66666,0,0,0,364540,7494713,0,5653883,0,288211,137148,0,0,0,0,0,594247,0,0,0,5276547,1162788,4825971,0,5445475,4479,0,2638311,2011
vermont,0.876805658420975,0,7840690,657158,607075,309335,0,0,133333,0,0,46484,163241,0,0,5653883,0,0,34200,0,0,0,0,0,0,0,0,0,5e+05,871257,3483632,0,3391858,-7028,0,1262942,2011
virginia,0.832786618931336,0,63691514,822944,1851202,41276548,15115,0,133333,0,0,2095414,1091498,2113208,239526,19361507,0,0,222362,946130,548442,276105,0,0,2059665,0,0,1934151,11220634,2733278,13092685,0,8413984,146790,0,9351868,2011
washington,0.769990897285736,0,56941177,15659257,1031945,51680334,4262888,1786685,66666,2480920,0,0,957434,4965461,0,14596503,0,1104166,2328282,0,0,1171414,0,0,3189429,2342258,0,0,16822335,2663206,12018301,0,7598877,138621,0,7585698,2011
west virginia,0.794894969991426,0,23649354,0,900672,25111,0,0,0,0,0,2117474,420004,336144,0,6893813,0,0,54230,0,487448,0,0,0,2755079,0,0,0,714535,1007298,6190149,0,4141396,150000,0,3324544,2011
wisconsin,0.878963202605749,0,55060333,658381,1118047,14297477,2440277,867773,133333,330795,0,5992453,958800,9170446,2582282,14031373,0,420730,650000,0,128759,757831,0,0,3511127,0,0,0,7347050,2291127,12026497,10486195,6951770,3e+05,0,6757717,2011
wyoming,0.790930011689071,0,7757608,241567,582840,16610146,931227,0,0,0,0,1484069,163241,759601,103603,5653883,0,302976,0,0,0,0,0,0,13864,0,0,0,5e+05,871257,3483632,0,3383472,85111,0,1216459,2011
alabama,0.751843451597314,0,55368548,2143680,808777,2753229,1680372,0,0,0,0,4140267,973459,4926186,0,18672524,0,0,169850,0,408209,3e+05,0,0,4454302,1651537,0,0,3775906,2970619,19534451,0,6620965,0,9838321,8926656,2010
alaska,0.68385587863464,0,9214605,7250605,256257,121983630,11277068,0,32190,0,0,916709,167945,6174793,0,5733988,0,1900621,18336,0,648056,0,0,33079097,296895,0,0,754249,1832893,897878,5888914,0,3574452,0,616320,1655369,2010
arizona,0.782396050437682,762771,76803820,6841639,1491022,176431353,9890956,475000,27498,417193,2376751,11355588,1364296,6047133,1277078,22251467,0,2179532,1317035,5032511,669222,312943,0,0,2974749,0,0,1153184,24019108,4208375,21108054,2486738,8400772,0,50803868,10754978,2010
arkansas,0.806923782266804,0,39619800,5487380,336446,378465,306907,0,97231,0,0,749998,694429,1758909,3434163,12731189,0,0,0,0,0,0,0,0,4859108,0,0,0,3301528,2067263,12175964,0,5248191,0,3321143,6188796,2010
california,0.832237485607319,0,432621862,135300252,1785574,82838244,6348701,3591199,150118,3819332,16493990,43430943,7965987,61915058,83455776,127884670,0,377461,7308184,9361634,3286870,4722001,8300000,0,8533583,4465641,0,4868467,173295391,21268018,139022859,0,32736050,13881637,51261340,64081739,2010
colorado,0.741264938423033,654567,40459250,7324574,638348,17432138,731710,469275,98923,809273,2334368,6155098,695305,5500373,15249174,12564764,0,1,1298624,0,963677,0,0,0,2230116,3e+06,0,1450481,11172245,2017019,14099826,0,6841822,0,14972695,6119330,2010
connecticut,0.851882047631077,0,31755649,0,1336723,4682064,0,0,0,0,7220947,375000,505558,6526505,1675403,8243660,0,0,941787,0,0,0,0,0,1141569,2732987,0,0,5680977,1157780,11217481,0,5659092,0,4489748,3929761,2010
delaware,0.794451622447973,0,10095517,303849,530710,51912,0,0,25788,0,0,328177,185558,2897266,0,5733988,0,0,43400,0,0,0,0,0,140218,0,0,0,1170713,897878,5888913,0,3655375,0,0,1626978,2010
district of columbia,0.589453248811411,641381,10963521,0,360718,908112,0,0,0,0,0,745558,216333,3032107,9287150,5733988,14627354,0,32164,0,1659806,16066062,0,0,0,0,0,751735,740158,809557,5888913,0,3342189,0,0,1921930,2010
florida,0.712398129361113,764137,172145327,23655883,2146780,8163445,67249,1130299,113023,405086,15006389,11834821,3283463,24456259,12529382,53949204,0,0,3150460,0,3102884,1564075,0,0,2962430,2370617,0,1457583,44368036,8849866,56518105,0,15869095,0,59902947,26206426,2010
georgia,0.689084118119007,0,126483130,8211853,1209576,22318811,0,454178,33075,416805,0,8546923,2319108,12766761,13166249,39385349,0,0,1526063,3452608,2622078,508995,0,0,6642300,1446950,0,740339,16360443,6126433,34163036,0,11155428,0,0,18904099,2010
hawaii,0.804142029416134,0,10095160,835446,329733,38057476,0,0,159611,0,0,0,187868,8197903,152600,5733988,0,0,66159,0,0,0,0,0,0,0,33788457,0,2934485,897878,5888914,0,3896165,0,0,1694018,2010
illinois,0.838159631440011,0,159025904,1984328,1193188,21899630,138524,0,66666,0,0,7829368,2696886,14861483,6011477,47342120,6623475,0,2403077,6505726,1159154,1645753,0,0,7218577,6426042,0,1827111,30536177,6513736,49739336,1918845,13161815,19312661,8243732,22555328,2010
indiana,0.868907828282828,0,66206287,5717604,618317,432745,0,0,30777,0,3990901,7886435,1101072,8281410,14852838,19512797,0,0,275830,732452,0,0,0,0,1438202,0,0,0,7108071,3325664,21519499,0,8090024,0,25673407,9437827,2010
iowa,0.890399463194563,0,21238737,1672770,392625,420030,216826,0,0,0,0,7486791,352694,18592353,0,5976008,0,0,50174,0,0,303204,0,0,4805988,1417614,0,0,3159457,1127860,22198602,0,5265881,0,0,2880380,2010
kansas,0.839742391396154,704072,26755833,12001767,312205,25478969,1223955,883348,103234,368374,1007711,3952100,461590,5907885,0,8090773,0,0,651577,1804042,208908,131191,0,0,3777413,0,0,617922,3791209,1128219,9577185,1126307,5223194,0,0,4123587,2010
louisiana,0.729899384308932,0,78285309,2569054,1665315,7431774,884755,422172,27875,0,6174072,7523974,1348735,13840503,0,21699014,0,0,37294,1371281,2428730,624025,0,0,4254678,0,0,1851846,3146887,3384297,26643722,0,6577771,1503818,48284172,10403770,2010
maine,0.829631255183854,0,13504022,1215894,226101,2720426,152972,291467,0,0,0,3259937,235157,3010415,0,5733988,0,0,97216,0,0,0,0,0,3050046,0,0,0,802370,897878,5888913,0,3891893,0,0,2021146,2010
maryland,0.831009526918739,0,45965837,525350,1351906,5418987,79123,436663,159325,0,0,4151634,820691,4635192,0,15234099,0,0,1376112,0,445921,348301,1713427,0,0,0,0,0,9601602,1636334,17157621,0,7322658,0,7672745,7264292,2010
massachusetts,0.842846227446692,0,60019823,1673173,1975418,662446,80123,0,93716,0,3889500,6102476,970684,24777618,0,18841112,0,299958,1476916,0,1179268,0,0,0,1335901,3760647,0,741750,12776616,2128970,21458125,0,7660085,11664831,33352847,9017161,2010
michigan,0.808688179370136,742584,135804637,8896163,380745,4919924,2573119,464021,33706,424220,0,10667829,2364749,9035879,16705209,43611142,0,253390,469178,0,0,274769,0,0,5039061,1209304,0,688732,10882518,5792635,47130621,0,10716010,1634733,0,20927825,2010
minnesota,0.779888055979136,0,36059637,2151830,244908,18351789,3488573,0,94157,0,2211380,3496376,577469,4391137,0,10929534,0,1677408,903881,0,0,610007,0,0,3658702,0,0,638305,8744729,1631149,16189977,1564900,6991083,0,0,5272121,2010
mississippi,0.747299234635595,0,50190912,1076700,752642,3117579,452296,472080,78236,0,1092899,5180314,901882,11641433,0,15199801,0,0,956827,0,909960,0,0,0,6242107,0,0,1597468,1755996,2792587,18061243,0,5426451,0,5560556,7251209,2010
missouri,0.820103431313897,0,233623049,1576552,1543717,22632979,87516,442741,93627,406316,0,2451683,1072052,6877914,3726580,17387407,0,0,160117,968398,0,0,0,0,8099786,1420018,0,0,4983879,3118673,21421215,0,7574008,0,5848345,8325226,2010
montana,0.814557962785009,0,10630763,1045858,104422,49420004,3229757,0,93138,0,0,2623344,199226,2363564,0,5733988,0,2389324,24474,0,0,0,0,0,5452262,0,0,0,1094107,897878,5888914,0,3700425,0,0,1780524,2010
nebraska,0.847073256996331,0,16178611,5291533,216886,17805121,822110,0,97050,0,0,392907,273114,4259050,0,5733988,0,405179,20000,0,0,0,0,0,4526020,858459,0,0,2721044,897878,6005209,0,4410391,0,0,2690765,2010
nevada,0.616574600122367,0,21341411,245803,396608,3611851,741358,0,159067,0,0,838337,414731,5279596,409346,7566603,0,0,268062,0,0,440114,0,0,110085,2866332,0,0,8401996,1139474,6636036,0,5124830,0,5956402,3604141,2010
new hampshire,0.865447245564893,0,9989950,151919,521976,7606,0,0,158981,0,0,209731,177370,1407926,1330981,5733988,0,0,23420,0,0,0,0,0,2446603,0,0,0,828448,897878,5888914,1902282,3954054,0,0,1561304,2010
new jersey,0.868351993596938,0,80974288,2038385,2468933,14951847,51121,0,94052,0,0,2972620,1330155,12799227,3333665,21390642,0,0,375704,2978841,674207,760288,0,0,2154763,0,0,0,20018081,3047804,27454394,0,9633393,8485591,0,10250585,2010
new mexico,0.694946067590114,0,28087848,956921,260575,99226047,7364530,861120,159723,823158,0,5885076,507170,4377933,0,9181179,0,420526,119990,0,10652,0,0,0,1980164,0,0,1048459,6310187,1435263,9595874,0,4594303,0,38271,4391034,2010
new york,0.799856059053674,631256,301409632,10268066,2957521,19638490,1779667,0,101636,421209,13435865,15598414,4933923,70837500,15259281,99375455,6e+06,0,4494158,3204628,7308065,5220731,0,0,3337900,1025648,0,3834526,54757377,10875633,100568827,0,17245268,996923,21484536,47477710,2010
north carolina,0.812947490983444,0,93754966,5854370,1225926,17514997,3471940,407735,97569,0,0,6490623,1712066,10916295,649542,29086523,0,252690,816799,1221517,1635381,268831,0,0,6164747,0,0,622117,15134226,5334746,28783086,1674928,10178834,0,16169946,14003925,2010
north dakota,0.849019971834592,0,8747445,242902,73271,37684888,1752646,0,159065,0,0,371791,163568,2299445,0,5733988,0,894038,0,0,0,0,0,0,546486,0,0,0,726862,897878,5888913,0,3447562,0,0,1387484,2010
ohio,0.80399731780893,0,137757832,2756462,2406718,2101105,0,0,94714,0,0,5621747,2367349,14119947,0,42635339,0,0,375336,2119980,1745782,0,0,0,5013088,0,0,0,8707875,5955245,45280543,0,11788423,8948335,471559,20371076,2010
oregon,0.700820471959659,718383,37619602,10644031,1228212,2720545,2027136,1675249,35317,1152144,0,6811771,666557,6444805,798628,10727877,0,1126137,327292,0,0,0,0,0,2680181,2727159,0,0,8257559,1803788,12125706,0,5780971,17052933,3569903,5310408,2010
pennsylvania,0.857666810024903,0,148129720,9408399,1163496,1771039,0,0,100844,423000,0,3066157,2578809,14116456,7152914,45206748,0,396327,318575,0,1632156,825870,0,0,1794088,2546687,0,1183452,13096320,5644486,48438038,0,12026529,0,31679938,21711071,2010
rhode island,0.783978074275516,561314,13105330,0,637491,1537318,0,0,0,0,0,101372,217815,3609334,2930920,5733988,0,0,0,0,0,0,0,0,105019,0,0,0,1972530,897878,5888914,0,3741795,0,0,1921317,2010
south carolina,0.738726382592929,0,53637861,582959,1699873,2440340,16416,0,159378,0,4980915,4552364,975770,8826449,5677105,16347381,0,0,481127,1185719,0,245663,0,0,3672418,0,0,749972,4605018,2774884,15997962,0,6425443,0,43552255,7818123,2010
south dakota,0.829087679020444,0,10202684,869218,166320,54427830,3341007,0,134227,0,0,748699,194420,2083347,0,5733988,0,2256481,713919,961022,640863,0,0,0,1060755,0,0,693333,1214154,897878,5888914,0,3622928,0,3969936,1739271,2010
tennessee,0.856675128300381,0,67713758,597298,459045,3814620,0,0,159391,0,4e+06,6425120,1231190,11998268,0,21901250,0,0,245852,0,27776,616467,0,0,4108688,0,0,592056,5884265,3805291,21857127,0,7751476,11822654,27804241,10419384,2010
texas,0.869985006533925,760294,329687615,61224108,2447583,101370422,387398,3121615,148595,2855366,14666731,19761847,6008405,20023652,25333308,106333075,0,0,5132778,1112863,5629275,844585,0,0,14987671,2842810,0,4554206,101628839,17957437,104349916,0,24461141,0,154813554,52030307,2010
utah,0.78014597445447,0,18336239,1916719,813024,8360261,1493601,0,66666,0,0,775812,317804,8573929,4031246,5733951,0,273737,123418,0,0,0,0,0,442288,0,0,0,5302682,1042172,8216380,0,5648349,0,0,2685530,2010
vermont,0.874363955016796,0,8141786,658510,485712,218447,234766,0,159448,0,0,1031331,163568,2555676,0,5733988,0,0,27440,0,0,0,0,0,0,0,0,0,5e+05,897878,5888914,0,3417438,0,0,1320614,2010
virginia,0.820334123368629,0,64692426,823989,1943700,41689957,15473,0,159601,0,0,3137429,1133205,11561586,338453,19265755,0,0,110302,1012492,244700,300628,0,0,2412482,0,0,1628247,11588738,2928802,22238137,0,8847804,1411159,13748723,9207252,2010
washington,0.760255332656171,0,51031021,15691456,1032887,52063217,3871976,1777909,82536,2861561,0,5104875,862249,9337924,0,15519624,0,877855,2003496,0,0,1226462,0,0,3029302,3948100,0,0,16293998,2547626,20050676,0,7979720,1266062,9298686,7737971,2010
west virginia,0.783871627729933,0,23177447,0,757887,11164,0,0,0,0,0,2339601,402407,2097924,0,7057238,0,0,45192,0,643250,0,0,0,3154088,0,0,0,783952,1058763,9813570,0,4248175,0,0,3369520,2010
wisconsin,0.872008843109803,0,52087477,659735,809955,12870537,2415763,848626,159449,0,0,9412344,821852,13455745,0,16341270,0,431073,1545843,0,434934,401481,0,0,3492681,0,0,0,6800172,2084043,19432704,0,7210748,1283057,245925,7802632,2010
wyoming,0.797668128654971,0,7984562,242064,550501,19978463,817890,0,0,0,0,7130293,163568,3896544,274049,5733988,0,302976,0,0,0,0,0,0,19017,0,0,0,1318761,897878,5888914,0,3408017,0,0,1330769,2010
